
-- Volcando datos para la tabla noveve.role
/*!40000 ALTER TABLE `role` DISABLE KEYS */;
INSERT INTO `role` (`id`, `name`, `permissions`, `is_active`, `is_deleted`, `created_on`, `created_by`, `modified_on`, `modified_by`) VALUES
	(1, 'master', '{"users":"CRUD","events":"CRUD","attendees":"CRUD","database":"CRUD","database":"CRUD","graph":"CRUD"}', 1, 1, '2021-01-28 09:39:25', 0, '2021-01-28 09:39:33', 0),
	(2, 'admin', '{"events":"CR","database":"CRUD","attendees":"CRUD"}', 1, 1, '2021-01-28 09:45:04', 0, '2021-01-28 09:45:06', 0);
/*!40000 ALTER TABLE `role` ENABLE KEYS */;



-- Volcando datos para la tabla noveve.users
/*!40000 ALTER TABLE `users` DISABLE KEYS */;
INSERT INTO `users` (`id`, `role_id`, `apellido_materno`, `apellido_paterno`, `name`, `email`, `password`, `salt`, `avatar`, `path`, `lastlogin`, `password_length`, `is_active`, `is_deleted`, `created_on`, `created_by`, `modified_on`, `modified_by`) VALUES
	(1, 1, 'Admin', 'Admin', 'Admin', 'admin@octopy.com', '$2b$10$s522TM0U/99iOwjdYtly9.DLhTxFnBeUaLxpcBc6JgzlYZzjHl1Ze', '10', '', '', '2021-02-09 12:42:32', 0, 0, 0, '2021-01-28 15:01:48', 0, '2021-02-09 12:42:31', 0);
/*!40000 ALTER TABLE `users` ENABLE KEYS */;


-- Volcando datos para la tabla noveve.events
/*!40000 ALTER TABLE `events` DISABLE KEYS */;
INSERT INTO `events` (`id`, `name`, `address`, `description`, `event_date`, `hour_init`, `hour_end`, `image`, `path`, `assistants`, `is_active`, `is_deleted`, `created_on`, `created_by`, `modified_on`, `modified_by`) VALUES
	(1, 'Clinica y herramientas diagnósticas en genética', 'CDMX, México', 'Evento con fines de educación continua y actualización de conocimientos en cardiología', '2020-02-23 18:00:00', '12:00:00', '13:00:00', '9f39713-1.jpg', '', 3, 0, 0, '2021-02-03 20:43:51', 1, '2021-02-03 20:43:51', 1),
	(2, 'Avances Tecnológicos en genética humana', 'Monterrey, México', 'Evento con fines de educación continua y actualización de conocimientos en cardiología', '2021-02-23 18:00:00', '12:00:00', '13:00:00', '9f39713-1.jpg', '', 3, 0, 0, '2021-02-03 20:45:16', 1, '2021-02-03 20:46:16', 1);
/*!40000 ALTER TABLE `events` ENABLE KEYS */;



-- Volcando datos para la tabla noveve.attendees: ~32 rows (aproximadamente)
/*!40000 ALTER TABLE `attendees` DISABLE KEYS */;
INSERT INTO `attendees` (`id`, `cedula`, `name`, `firstname`, `lastname`, `speciality`, `email`, `path`, `pdf_path`, `questions`, `idengage`, `register_type`, `event_id`, `is_active`, `is_deleted`, `created_on`, `created_by`, `modified_on`, `modified_by`) VALUES
	(1, 11498770, 'SALVADOR CUEVAS ZACARIAS', 'SALVADOR', 'CUEVAS ZACARIAS', 'Endocrinology', 'salvador.cuevas@z.com', NULL, '', '{"question1":true,"question2":true,"question3":true,"typeOfInstitution":"Privada","institutionName":"Instituto Nacional de Cardiología","nameAndTitle":"ILSE ITZEL BAUTISTA CRUZ DR. General","authorization":true,"idengage":""}', '', 'internet', 1, 0, 0, '2021-02-17 13:00:46', 1, '2021-02-17 13:31:12', 1),
	(2, 11498774, 'MARIA TRINIDAD ZUÑIGA RAUDALES', 'MARIA TRINIDAD', 'ZUÑIGA RAUDALES', 'Endocrinology', 'maria.zuniga@z.com', NULL, '', '{"question1":true,"question2":true,"question3":true,"typeOfInstitution":"Privada","institutionName":"Instituto Nacional de Cardiología","nameAndTitle":"ILSE ITZEL BAUTISTA CRUZ DR. General","authorization":true,"idengage":""}', '', 'internet', 1, 0, 0, '2021-02-17 13:01:41', 1, '2021-02-17 13:31:12', 1),
	(3, 11498874, 'YAEL HERNANDEZ ESPINOSA', 'YAEL', 'HERNANDEZ ESPINOSA', 'Endocrinology', 'yael.hernandez@z.com', NULL, '', '{"question1":true,"question2":true,"question3":true,"typeOfInstitution":"Privada","institutionName":"Instituto Nacional de Cardiología","nameAndTitle":"ILSE ITZEL BAUTISTA CRUZ DR. General","authorization":true,"idengage":""}', '', 'internet', 2, 0, 0, '2021-02-17 13:02:38', 1, '2021-02-17 13:31:12', 1),
	(4, 11498877, 'ANDREA MUÑOZ AYALA', 'ANDREA', 'MUÑOZ AYALA', 'Endocrinology', 'andrea.munos@z.com', NULL, '', '{"question1":true,"question2":true,"question3":true,"typeOfInstitution":"Privada","institutionName":"Instituto Nacional de Cardiología","nameAndTitle":"ILSE ITZEL BAUTISTA CRUZ DR. General","authorization":true,"idengage":""}', '', 'internet', 1, 0, 0, '2021-02-17 13:03:38', 1, '2021-02-17 13:31:12', 1),
	(5, 11498867, 'OSVALDO HERNANDEZ ISLAS', 'OSVALDO', 'HERNANDEZ ISLAS', 'Haematology', 'osvaldo.hdz@z.com', NULL, '', '{"question1":true,"question2":true,"question3":true,"typeOfInstitution":"Privada","institutionName":"Instituto Nacional de Cardiología","nameAndTitle":"ILSE ITZEL BAUTISTA CRUZ DR. General","authorization":true,"idengage":""}', '', 'internet', 1, 0, 0, '2021-02-17 13:04:41', 1, '2021-02-17 13:31:12', 1),
	(6, 11448867, 'MARIA DEL ROSARIO LOPEZ MARTINEZ', 'MARIA DEL ROSARIO', 'LOPEZ MARTINEZ', 'Haematology', 'maria.lopez@z.com', NULL, '', '{"question1":true,"question2":true,"question3":true,"typeOfInstitution":"Privada","institutionName":"Instituto Nacional de Cardiología","nameAndTitle":"ILSE ITZEL BAUTISTA CRUZ DR. General","authorization":true,"idengage":""}', '', 'internet', 2, 0, 0, '2021-02-17 13:05:26', 1, '2021-02-17 13:31:12', 1),
	(7, 11548867, 'MARIA DE GUADALUPE TENORIO LOPEZ', 'MARIA DE GUADALUPE', 'TENORIO LOPEZ', 'Haematology', 'maria.tenorio@z.com', NULL, '', '{"question1":true,"question2":true,"question3":true,"typeOfInstitution":"Privada","institutionName":"Instituto Nacional de Cardiología","nameAndTitle":"ILSE ITZEL BAUTISTA CRUZ DR. General","authorization":true,"idengage":""}', '', 'internet', 1, 0, 0, '2021-02-17 13:07:19', 1, '2021-02-17 13:31:12', 1),
	(8, 11543867, 'MARIA VERONICA MENDOZA FRIAS', 'MARIA VERONICA', 'MENDOZA FRIAS', 'Haematology', 'maria.mendoza@z.com', NULL, '', '{"question1":true,"question2":true,"question3":true,"typeOfInstitution":"Privada","institutionName":"Instituto Nacional de Cardiología","nameAndTitle":"ILSE ITZEL BAUTISTA CRUZ DR. General","authorization":true,"idengage":""}', '', 'internet', 1, 0, 0, '2021-02-17 13:09:32', 1, '2021-02-17 13:31:12', 1),
	(9, 11541867, 'GISELA RAMIREZ MORALES', 'GISELA', 'RAMIREZ MORALES', 'Haematology', 'gisela.ramirez@z.com', NULL, '', '{"question1":true,"question2":true,"question3":true,"typeOfInstitution":"Privada","institutionName":"Instituto Nacional de Cardiología","nameAndTitle":"ILSE ITZEL BAUTISTA CRUZ DR. General","authorization":true,"idengage":""}', '', 'internet', 2, 0, 0, '2021-02-17 13:10:18', 1, '2021-02-17 13:31:12', 1),
	(10, 11541862, 'ADRIANA GARCIA DOMINGUEZ', 'ADRIANA', 'GARCIA DOMINGUEZ', 'Haematology', 'adriana.garcia@z.com', NULL, '', '{"question1":true,"question2":true,"question3":true,"typeOfInstitution":"Privada","institutionName":"Instituto Nacional de Cardiología","nameAndTitle":"ILSE ITZEL BAUTISTA CRUZ DR. General","authorization":true,"idengage":""}', '', 'internet', 1, 0, 0, '2021-02-17 13:11:03', 1, '2021-02-17 13:31:12', 1),
	(11, 11545862, 'MARTIN CONTRERAS BALLESTEROS', 'MARTIN', 'CONTRERAS BALLESTEROS', 'Haematology', 'martin.contreras@z.com', NULL, '', '{"question1":true,"question2":true,"question3":true,"typeOfInstitution":"Privada","institutionName":"Instituto Nacional de Cardiología","nameAndTitle":"ILSE ITZEL BAUTISTA CRUZ DR. General","authorization":true,"idengage":""}', '', 'internet', 1, 0, 0, '2021-02-17 13:14:03', 1, '2021-02-17 13:31:12', 1),
	(12, 11545863, 'JOSE LUIS HUESCA REYES', 'JOSE LUIS', 'HUESCA REYES', 'Haematology', 'jose.huesca@z.com', NULL, '', '{"question1":true,"question2":true,"question3":true,"typeOfInstitution":"Privada","institutionName":"Instituto Nacional de Cardiología","nameAndTitle":"ILSE ITZEL BAUTISTA CRUZ DR. General","authorization":true,"idengage":""}', '', 'internet', 2, 0, 0, '2021-02-17 13:14:54', 1, '2021-02-17 13:31:12', 1),
	(13, 11545868, 'GREGORIO LUCAS ROMERO', 'GREGORIO', 'LUCAS ROMERO', 'Haematology', 'gegorio.lucas@z.com', NULL, '', '{"question1":true,"question2":true,"question3":true,"typeOfInstitution":"Privada","institutionName":"Instituto Nacional de Cardiología","nameAndTitle":"ILSE ITZEL BAUTISTA CRUZ DR. General","authorization":true,"idengage":""}', '', 'internet', 1, 0, 0, '2021-02-17 13:15:42', 1, '2021-02-17 13:31:12', 1),
	(14, 11545834, 'PAULA BELEN DE LA CRUZ RIVAS', 'PAULA BELEN', 'DE LA CRUZ RIVAS', 'Child Endocrinology', 'paula.rivas@z.com', NULL, '', '{"question1":true,"question2":true,"question3":true,"typeOfInstitution":"Privada","institutionName":"Instituto Nacional de Cardiología","nameAndTitle":"ILSE ITZEL BAUTISTA CRUZ DR. General","authorization":true,"idengage":""}', '', 'internet', 1, 0, 0, '2021-02-17 13:16:50', 1, '2021-02-17 13:31:12', 1),
	(15, 11545835, 'CLAUDIA ALEJANDRA MADRIGAL LOPEZ', 'CLAUDIA ALEJANDRA', 'MADRIGAL LOPEZ', 'Child Endocrinology', 'claudia.madrigal@z.com', NULL, '', '{"question1":true,"question2":true,"question3":true,"typeOfInstitution":"Privada","institutionName":"Instituto Nacional de Cardiología","nameAndTitle":"ILSE ITZEL BAUTISTA CRUZ DR. General","authorization":true,"idengage":""}', '', 'internet', 2, 0, 0, '2021-02-17 13:17:39', 1, '2021-02-17 13:31:12', 1),
	(16, 11545836, 'MIRIAM REBECA ROBLEDO DUEÑAS', 'MIRIAM REBECA', 'ROBLEDO DUEÑAS', 'Child Endocrinology', 'claudia.madrigal@z.com', NULL, '', '{"question1":true,"question2":true,"question3":true,"typeOfInstitution":"Privada","institutionName":"Instituto Nacional de Cardiología","nameAndTitle":"ILSE ITZEL BAUTISTA CRUZ DR. General","authorization":true,"idengage":""}', '', 'internet', 1, 0, 0, '2021-02-17 13:18:23', 1, '2021-02-17 13:31:12', 1),
	(17, 11545837, 'YARELY MOJICA CARMONA', 'YARELY', 'MOJICA CARMONA', 'Child Endocrinology', 'claudia.madrigal@z.com', NULL, '', '{"question1":true,"question2":true,"question3":true,"typeOfInstitution":"Privada","institutionName":"Instituto Nacional de Cardiología","nameAndTitle":"ILSE ITZEL BAUTISTA CRUZ DR. General","authorization":true,"idengage":""}', '', 'internet', 1, 0, 0, '2021-02-17 13:18:59', 1, '2021-02-17 13:31:12', 1),
	(18, 11545840, 'ROSARIO ESTELA PEREZ TORRES', 'ROSARIO ESTELA', 'PEREZ TORRES', 'Child Endocrinology', 'claudia.madrigal@z.com', NULL, '', '{"question1":true,"question2":true,"question3":true,"typeOfInstitution":"Privada","institutionName":"Instituto Nacional de Cardiología","nameAndTitle":"ILSE ITZEL BAUTISTA CRUZ DR. General","authorization":true,"idengage":""}', '', 'internet', 2, 0, 0, '2021-02-17 13:19:35', 1, '2021-02-17 13:31:12', 1),
	(19, 11545841, 'JOSE RICARDO VALDEZ MAGDALENO', 'JOSE RICARDO', 'VALDEZ MAGDALENO', 'Child Endocrinology', 'claudia.madrigal@z.com', NULL, '', '{"question1":true,"question2":true,"question3":true,"typeOfInstitution":"Privada","institutionName":"Instituto Nacional de Cardiología","nameAndTitle":"ILSE ITZEL BAUTISTA CRUZ DR. General","authorization":true,"idengage":""}', '', 'internet', 1, 0, 0, '2021-02-17 13:20:10', 1, '2021-02-17 13:31:12', 1),
	(20, 11545842, 'AXEL OSMAR ROJAS VIVEROS', 'AXEL OSMAR', 'ROJAS VIVEROS', 'Child Endocrinology', 'claudia.madrigal@z.com', NULL, '', '{"question1":true,"question2":true,"question3":true,"typeOfInstitution":"Privada","institutionName":"Instituto Nacional de Cardiología","nameAndTitle":"ILSE ITZEL BAUTISTA CRUZ DR. General","authorization":true,"idengage":""}', '', 'internet', 1, 0, 0, '2021-02-17 13:20:47', 1, '2021-02-17 13:31:12', 1),
	(21, 11545844, 'ALEJANDRO IBARRA VEGA', 'ALEJANDRO', 'IBARRA VEGA', 'Child Endocrinology', 'claudia.madrigal@z.com', NULL, '', '{"question1":true,"question2":true,"question3":true,"typeOfInstitution":"Privada","institutionName":"Instituto Nacional de Cardiología","nameAndTitle":"ILSE ITZEL BAUTISTA CRUZ DR. General","authorization":true,"idengage":""}', '', 'internet', 2, 0, 0, '2021-02-17 13:21:20', 1, '2021-02-17 13:31:12', 1),
	(22, 11545845, 'CHRISTIAN SEBASTIAN PINEDO CORRAL', 'CHRISTIAN SEBASTIAN', 'PINEDO CORRAL', 'Paediatrics', 'claudia.madrigal@z.com', NULL, '', '{"question1":true,"question2":true,"question3":true,"typeOfInstitution":"Privada","institutionName":"Instituto Nacional de Cardiología","nameAndTitle":"ILSE ITZEL BAUTISTA CRUZ DR. General","authorization":true,"idengage":""}', '', 'internet', 1, 0, 0, '2021-02-17 13:22:24', 1, '2021-02-17 13:31:12', 1),
	(23, 11545846, 'HUMBERTO PONCE ARVIZO', 'HUMBERTO', 'PONCE ARVIZO', 'Paediatrics', 'claudia.madrigal@z.com', NULL, '', '{"question1":true,"question2":true,"question3":true,"typeOfInstitution":"Privada","institutionName":"Instituto Nacional de Cardiología","nameAndTitle":"ILSE ITZEL BAUTISTA CRUZ DR. General","authorization":true,"idengage":""}', '', 'internet', 1, 0, 0, '2021-02-17 13:22:58', 1, '2021-02-17 13:31:12', 1),
	(24, 11545847, 'DULCE MARIA MARTINEZ PEREZ', 'DULCE MARIA', 'MARTINEZ PEREZ', 'Paediatrics', 'claudia.madrigal@z.com', NULL, '', '{"question1":true,"question2":true,"question3":true,"typeOfInstitution":"Privada","institutionName":"Instituto Nacional de Cardiología","nameAndTitle":"ILSE ITZEL BAUTISTA CRUZ DR. General","authorization":true,"idengage":""}', '', 'internet', 2, 0, 0, '2021-02-17 13:23:34', 1, '2021-02-17 13:31:12', 1),
	(25, 11545848, 'NICOLE DOMINIQUE PADILLA PAREDES', 'NICOLE DOMINIQUE', 'PADILLA PAREDES', 'Paediatrics', 'claudia.madrigal@z.com', NULL, '', '{"question1":true,"question2":true,"question3":true,"typeOfInstitution":"Privada","institutionName":"Instituto Nacional de Cardiología","nameAndTitle":"ILSE ITZEL BAUTISTA CRUZ DR. General","authorization":true,"idengage":""}', '', 'internet', 1, 0, 0, '2021-02-17 13:24:06',1, '2021-02-17 13:31:12', 1),
	(26, 11545849, 'SALVADOR GONZALEZ VILLALOBOS', 'SALVADOR', 'GONZALEZ VILLALOBOS', 'Paediatrics', 'claudia.madrigal@z.com', NULL, '', '{"question1":true,"question2":true,"question3":true,"typeOfInstitution":"Privada","institutionName":"Instituto Nacional de Cardiología","nameAndTitle":"ILSE ITZEL BAUTISTA CRUZ DR. General","authorization":true,"idengage":""}', '', 'internet', 1, 0, 0, '2021-02-17 13:24:37', 1, '2021-02-17 13:31:12', 1),
	(27, 11545850, 'DULCE MONICA CAMPUZANO TREJO', 'DULCE MONICA', 'CAMPUZANO TREJO', 'Paediatrics', 'claudia.madrigal@z.com', NULL, '', '{"question1":true,"question2":true,"question3":true,"typeOfInstitution":"Privada","institutionName":"Instituto Nacional de Cardiología","nameAndTitle":"ILSE ITZEL BAUTISTA CRUZ DR. General","authorization":true,"idengage":""}', '', 'internet', 2, 0, 0, '2021-02-17 13:25:12', 1, '2021-02-17 13:31:12', 1),
	(28, 11545851, 'VALERIA CRUZ LUNA', 'VALERIA', 'CRUZ LUNA', 'Paediatrics', 'claudia.madrigal@z.com', NULL, '', '{"question1":true,"question2":true,"question3":true,"typeOfInstitution":"Privada","institutionName":"Instituto Nacional de Cardiología","nameAndTitle":"ILSE ITZEL BAUTISTA CRUZ DR. General","authorization":true,"idengage":""}', '', 'internet', 1, 0, 0, '2021-02-17 13:25:58', 1, '2021-02-17 13:31:12', 1),
	(29, 11545852, 'MICHELL DE LOS ANGELES MORALES EGUIA', 'MICHELL DE LOS ANGELES', 'MORALES EGUIA', 'Médico General', 'claudia.madrigal@z.com', NULL, '', '{"question1":true,"question2":true,"question3":true,"typeOfInstitution":"Privada","institutionName":"Instituto Nacional de Cardiología","nameAndTitle":"ILSE ITZEL BAUTISTA CRUZ DR. General","authorization":true,"idengage":""}', '', 'internet', 1, 0, 0, '2021-02-17 13:26:45', 1, '2021-02-17 13:31:12', 1),
	(30, 11545854, 'CLAUDIA ALEJANDRA GARCIA AVENDAÑO', 'CLAUDIA ALEJANDRA', 'GARCIA AVENDAÑO', 'Médico General', 'claudia.madrigal@z.com', NULL, '', '{"question1":true,"question2":true,"question3":true,"typeOfInstitution":"Privada","institutionName":"Instituto Nacional de Cardiología","nameAndTitle":"ILSE ITZEL BAUTISTA CRUZ DR. General","authorization":true,"idengage":""}', '', 'internet', 2, 0, 0, '2021-02-17 13:27:21', 1, '2021-02-17 13:31:12', 1),
	(31, 11545855, 'ANDRES IVAN GOMEZ RODRIGUEZ', 'ANDRES IVAN', 'GOMEZ RODRIGUEZ', 'Médico General', 'claudia.madrigal@z.com', NULL, '', '{"question1":true,"question2":true,"question3":true,"typeOfInstitution":"Privada","institutionName":"Instituto Nacional de Cardiología","nameAndTitle":"ILSE ITZEL BAUTISTA CRUZ DR. General","authorization":true,"idengage":""}', '', 'internet', 1, 0, 0, '2021-02-17 13:27:55', 1, '2021-02-17 13:31:12', 1),
	(32, 11545856, 'JUAN PABLO BRIBIESCA ESPINOSA', 'JUAN PABLO', 'BRIBIESCA ESPINOSA', 'Médico General', 'claudia.madrigal@z.com', NULL, '', '{"question1":true,"question2":true,"question3":true,"typeOfInstitution":"Privada","institutionName":"Instituto Nacional de Cardiología","nameAndTitle":"ILSE ITZEL BAUTISTA CRUZ DR. General","authorization":true,"idengage":""}', '', 'internet', 1, 0, 0, '2021-02-17 13:28:33', 1, '2021-02-17 13:31:12', 1);
/*!40000 ALTER TABLE `attendees` ENABLE KEYS */;

-- Volcando datos para la tabla noveve.data_upload: ~0 rows (aproximadamente)
/*!40000 ALTER TABLE `data_upload` DISABLE KEYS */;
INSERT INTO `data_upload` (`id`, `idengage`, `cedula`, `cedula_2`, `cedula_3`, `name`, `firstname`, `lastname`, `speciality`, `speciality_2`, `email`, `is_active`, `is_deleted`, `created_on`, `created_by`, `modified_on`, `modified_by`, `brand`) VALUES
	(1, 'WMXM00000309', 1234567, 7654321, 9876543, 'Diana Ruiz Espinosa', 'Diana', 'Ruiz Espinosa', 'Endocrinology', 'Internal medicine', 'druiz@grupodestinos.com.mx', 0, 0, '2021-02-17 12:19:52', 1, '2021-02-17 12:19:52', 0, 'Saxenda®'),
	(2, 'WMXM00000309', 1234565, 7654321, 9876543, 'Emilie Ruiz Espinosa', 'Emilie', 'Ruiz Espinosa', 'Endocrinology', 'Internal medicine', 'druiz@grupodestinos.com.mx', 0, 0, '2021-02-17 12:19:52', 1, '2021-02-17 12:19:52', 0, 'Ozempic®'),
	(3, 'WMXM00000309', 1234564, 7654321, 9876543, 'Daisy Ruiz Espinosa', 'Daisy', 'Ruiz Espinosa', 'Endocrinology', 'Internal medicine', 'druiz@grupodestinos.com.mx', 0, 0, '2021-02-17 12:19:52', 1, '2021-02-17 12:19:52', 0, 'Insulins'),
	(4, 'WMXM00005251', 9999991, 9999999, NULL, 'Cecilia Ramos Magaña', 'Cecilia', 'Ramos Magaña', 'Haematology', '', 'cmyy@novonordisk.com', 0, 0, '2021-02-17 12:19:52', 1, '2021-02-17 12:19:52', 0, 'Acquired Haemophilia'),
	(5, 'WMXM00000309', 1234568, 7654321, 9876543, 'Jessica Ruiz Espinosa', 'Jessica', 'Ruiz Espinosa', 'Endocrinology', 'Internal medicine', 'druiz@grupodestinos.com.mx', 0, 0, '2021-02-17 12:19:52', 1, '2021-02-17 12:19:52', 0, 'Diabetes Public'),
	(6, 'WMXM00010990', 1111119, 1111998, 7778889, 'Claudia Ruiz Espinosa', 'Claudia', 'Ruiz Espinosa', 'Child Endocrinology', 'Paediatrics', 'cruiz@grupodestinos.com.mx', 0, 0, '2021-02-17 12:19:52', 1, '2021-02-17 12:19:52', 0, 'Growth Hormone'),
	(7, 'WMXM00005251', 9999992, 9999998, NULL, 'Daniela Ramos Magaña', 'Daniela', 'Ramos Magaña', 'Haematology', '', 'cmyy@novonordisk.com', 0, 0, '2021-02-17 12:19:52', 1, '2021-02-17 12:19:52', 0, 'Haemophilia');
/*!40000 ALTER TABLE `data_upload` ENABLE KEYS */;


-- Volcando datos para la tabla noveve.load_history: ~0 rows (aproximadamente)
/*!40000 ALTER TABLE `load_history` DISABLE KEYS */;
INSERT INTO `load_history` (`id`, `file_name`, `file_path`, `is_active`, `is_deleted`, `created_on`, `created_by`, `modified_on`, `modified_by`) VALUES
	(1, '', '', 0, 0, '2021-02-17 12:19:52', 1, '2021-02-17 12:19:52', 0);
/*!40000 ALTER TABLE `load_history` ENABLE KEYS */;




